;mass A;;;
t;x;y;v;
0,000;−8,030E−2;1,059E−2;
0,033;−8,208E−2;9,779E−3;4,940E−2
0,067;−7,838E−2;1,327E−2;0,130
0,100;−8,982E−2;1,366E−2;0,192
0,133;−9,102E−2;1,141E−2;0,127
0,167;−9,769E−2;1,045E−2;0,163
0,200;-0,102;1,218E−2;0,106
0,233;-0,104;7,767E−3;3,293E−2
0,267;-0,103;1,382E−2;0,128
0,300;-0,110;1,407E−2;0,193
0,333;-0,115;8,631E−3;8,551E−2
0,366;-0,115;1,649E−2;0,120
0,400;-0,121;1,437E−2;0,189
0,433;-0,125;9,028E−3;6,493E−2
0,466;-0,123;1,768E−2;0,147
0,500;-0,128;1,859E−2;0,203
0,533;-0,136;1,234E−2;0,185
0,566;-0,137;1,105E−2;8,985E−2
0,600;-0,142;1,107E−2;0,113
0,633;-0,144;1,338E−2;0,126
0,666;-0,150;1,390E−2;0,131
0,700;-0,153;1,477E−2;0,124
0,733;-0,157;1,007E−2;0,122
0,766;-0,159;9,098E−3;0,121
0,800;-0,162;1,602E−2;0,117
0,833;-0,166;1,209E−2;0,139
0,866;-0,170;1,141E−2;0,118
0,899;-0,174;1,370E−2;0,122
0,933;-0,179;1,197E−2;0,164
0,966;-0,185;1,240E−2;0,147
0,999;-0,188;1,517E−2;0,109
1,033;-0,188;1,868E−2;9,828E−2
1,066;-0,190;2,126E−2;8,407E−2
1,099;-0,194;2,107E−2;0,191
1,133;-0,201;1,494E−2;0,191
1,166;-0,205;1,508E−2;7,109E−2
1,199;-0,205;1,720E−2;8,969E−2
1,233;-0,209;1,962E−2;9,398E−2
1,266;-0,211;2,047E−2;0,112
1,299;-0,216;1,714E−2;0,127
1,333;-0,219;1,813E−2;0,118
1,366;-0,223;1,485E−2;0,131
1,399;-0,227;1,377E−2;0,100
1,432;-0,230;1,434E−2;0,113
1,466;-0,234;1,179E−2;8,286E−2
1,499;-0,234;1,852E−2;0,122
1,532;-0,242;1,000E−2;0,110
1,566;-0,240;1,625E−2;0,118
1,599;-0,243;1,784E−2;0,104
1,632;-0,247;1,494E−2;0,198
1,666;-0,253;1,004E−2;0,131
1,699;-0,255;1,144E−2;8,624E−2
1,732;-0,259;1,201E−2;9,870E−2
1,766;-0,262;1,037E−2;0,103
1,799;-0,265;9,984E−3;0,137
1,832;-0,269;5,434E−3;0,123
1,866;-0,272;5,513E−3;9,937E−2
1,899;-0,275;9,296E−3;0,110
1,932;-0,279;7,206E−3;0,129
1,965;-0,283;5,110E−3;9,352E−2
1,999;-0,285;6,548E−3;9,673E−2
2,032;-0,289;6,284E−3;0,108
2,065;-0,292;3,164E−3;9,479E−2
2,099;-0,295;7,759E−3;0,124
2,132;-0,299;7,725E−3;0,129
2,165;-0,303;4,113E−3;0,150
2,199;-0,308;4,034E−3;0,133
2,232;-0,311;6,591E−3;0,118
2,265;-0,314;8,948E−3;9,192E−2
2,299;-0,317;6,471E−3;0,150
2,332;-0,322;2,927E−3;0,142
2,365;-0,326;3,008E−3;0,142
2,399;-0,331;5,774E−3;0,127
2,432;-0,334;5,729E−3;0,102
2,465;-0,336;1,598E−3;0,111
2,499;-0,341;3,858E−3;0,170
2,532;-0,345;8,518E−3;0,121
2,565;-0,349;4,496E−3;0,124
2,598;-0,352;4,466E−3;0,123
2,632;-0,356;8,652E−3;0,132
2,665;-0,359;9,976E−3;0,113
2,698;-0,364;1,065E−2;0,123
2,732;-0,367;1,223E−2;0,101
2,765;-0,370;1,189E−2;0,108
2,798;-0,374;1,418E−2;0,106
2,832;-0,377;1,390E−2;9,725E−2
2,865;-0,380;1,528E−2;9,282E−2
2,898;-0,383;1,501E−2;7,755E−2
2,932;-0,386;1,562E−2;
2,965;;;
2,998;-0,392;1,083E−2;
3,032;-0,396;1,193E−2;9,063E−2
3,065;-0,398;1,179E−2;7,721E−2
3,098;-0,401;1,053E−2;0,111
3,131;-0,405;9,328E−3;0,108
3,165;-0,408;9,892E−3;0,110
3,198;-0,412;9,458E−3;0,112
3,231;-0,416;9,481E−3;0,103
3,265;-0,419;9,390E−3;0,101
3,298;-0,423;9,855E−3;0,113
3,331;-0,427;1,029E−2;0,118
3,365;-0,430;1,106E−2;0,128
3,398;-0,435;1,257E−2;0,141
3,431;-0,439;1,426E−2;0,143
3,465;-0,444;1,545E−2;0,134
3,498;-0,448;1,635E−2;0,117
3,531;-0,451;1,762E−2;0,129
3,565;-0,456;1,908E−2;0,157
3,598;-0,461;2,086E−2;0,156
3,631;-0,466;2,251E−2;0,152
3,664;-0,471;2,430E−2;0,142
3,698;-0,475;2,544E−2;0,140
3,731;-0,480;2,709E−2;0,133
3,764;-0,484;2,713E−2;0,115
3,798;-0,487;2,777E−2;0,122
3,831;-0,492;2,833E−2;0,136
3,864;-0,496;2,874E−2;0,113
3,898;-0,499;2,834E−2;9,244E−2
3,931;-0,502;2,799E−2;
3,964;;;
3,998;-0,505;1,764E−2;
4,031;-0,508;1,628E−2;0,125
4,064;-0,513;1,585E−2;0,142
4,098;-0,517;1,642E−2;0,136
4,131;-0,522;1,621E−2;0,127
4,164;-0,526;1,579E−2;0,117
4,198;-0,530;1,529E−2;0,116
4,231;-0,534;1,477E−2;0,124
4,264;-0,538;1,619E−2;0,121
4,297;-0,541;1,612E−2;0,122
4,331;-0,546;1,618E−2;0,131
4,364;-0,550;1,659E−2;0,128
4,397;-0,554;1,751E−2;0,129
4,431;-0,559;1,861E−2;0,141
4,464;-0,563;2,094E−2;0,131
4,497;-0,567;2,088E−2;0,116
4,531;-0,571;2,012E−2;0,117
4,564;-0,575;2,158E−2;0,139
4,597;-0,580;2,326E−2;0,130
4,631;-0,583;2,234E−2;0,115
4,664;-0,587;2,216E−2;0,139
4,697;-0,592;2,345E−2;0,149
4,731;-0,597;2,468E−2;0,126
4,764;-0,601;2,413E−2;0,130
4,797;-0,605;2,229E−2;0,131
4,830;-0,609;2,236E−2;0,121
4,864;-0,613;2,139E−2;0,117
4,897;-0,617;2,146E−2;0,133
4,930;-0,622;2,060E−2;0,143
4,964;-0,626;1,964E−2;0,141
4,997;-0,631;2,160E−2;0,126
5,030;-0,635;2,074E−2;0,133
5,064;-0,640;1,962E−2;0,126
5,097;-0,643;1,758E−2;0,110
5,130;-0,647;1,816E−2;0,126
5,164;-0,651;1,845E−2;0,103
5,197;-0,654;1,676E−2;8,132E−2
5,230;-0,656;1,603E−2;0,101
5,264;-0,660;1,891E−2;8,984E−2
5,297;-0,662;1,687E−2;7,913E−2
5,330;-0,665;1,847E−2;8,460E−2
5,363;-0,667;1,795E−2;7,771E−2
5,397;-0,670;1,736E−2;9,540E−2
5,430;-0,674;1,860E−2;8,956E−2
5,463;-0,676;1,805E−2;0,100
5,497;-0,680;1,964E−2;9,224E−2
5,530;-0,682;1,801E−2;7,972E−2
5,563;-0,685;1,745E−2;9,674E−2
5,597;-0,689;1,806E−2;9,875E−2
5,630;-0,692;1,750E−2;0,104
5,663;-0,696;1,794E−2;0,116
5,697;-0,699;1,962E−2;8,489E−2
5,730;-0,701;1,873E−2;0,101
5,763;-0,706;1,843E−2;0,111
5,797;-0,708;1,587E−2;9,311E−2
5,830;-0,711;1,619E−2;0,123
5,863;-0,716;1,684E−2;0,109
5,896;-0,719;1,533E−2;0,101
5,930;-0,723;1,478E−2;0,187
5,963;-0,731;1,638E−2;
5,996;;;
6,030;-0,733;1,275E−2;
6,063;-0,739;1,471E−2;0,134
6,096;-0,742;1,434E−2;8,265E−2
6,130;-0,745;1,450E−2;0,111
6,163;-0,749;1,401E−2;0,139
6,196;-0,754;1,632E−2;7,974E−2
6,230;-0,755;1,358E−2;0,115
6,263;-0,761;1,821E−2;0,121
6,296;-0,762;1,687E−2;0,203
6,330;-0,774;2,338E−2;0,180
6,363;-0,774;1,731E−2;9,435E−2
6,396;-0,776;1,746E−2;0,119
6,430;-0,781;2,032E−2;0,293
6,463;-0,793;2,773E−2;
